Index,Country,CountryA3,Entity,Sector
1,"Afghanistan",AFG,Final Demand,"Household final consumption P.3h"
2,"Afghanistan",AFG,Final Demand,"Non-profit institutions serving households P.3n"
3,"Afghanistan",AFG,Final Demand,"Government final consumption P.3g"
4,"Afghanistan",AFG,Final Demand,"Gross fixed capital formation P.51"
5,"Afghanistan",AFG,Final Demand,"Changes in inventories P.52"
6,"Afghanistan",AFG,Final Demand,"Acquisitions less disposals of valuables P.53"
7,"Albania",ALB,Final Demand,"Household final consumption P.3h"
8,"Albania",ALB,Final Demand,"Non-profit institutions serving households P.3n"
9,"Albania",ALB,Final Demand,"Government final consumption P.3g"
10,"Albania",ALB,Final Demand,"Gross fixed capital formation P.51"
11,"Albania",ALB,Final Demand,"Changes in inventories P.52"
12,"Albania",ALB,Final Demand,"Acquisitions less disposals of valuables P.53"
13,"Algeria",DZA,Final Demand,"Household final consumption P.3h"
14,"Algeria",DZA,Final Demand,"Non-profit institutions serving households P.3n"
15,"Algeria",DZA,Final Demand,"Government final consumption P.3g"
16,"Algeria",DZA,Final Demand,"Gross fixed capital formation P.51"
17,"Algeria",DZA,Final Demand,"Changes in inventories P.52"
18,"Algeria",DZA,Final Demand,"Acquisitions less disposals of valuables P.53"
19,"Andorra",AND,Final Demand,"Household final consumption P.3h"
20,"Andorra",AND,Final Demand,"Non-profit institutions serving households P.3n"
21,"Andorra",AND,Final Demand,"Government final consumption P.3g"
22,"Andorra",AND,Final Demand,"Gross fixed capital formation P.51"
23,"Andorra",AND,Final Demand,"Changes in inventories P.52"
24,"Andorra",AND,Final Demand,"Acquisitions less disposals of valuables P.53"
25,"Angola",AGO,Final Demand,"Household final consumption P.3h"
26,"Angola",AGO,Final Demand,"Non-profit institutions serving households P.3n"
27,"Angola",AGO,Final Demand,"Government final consumption P.3g"
28,"Angola",AGO,Final Demand,"Gross fixed capital formation P.51"
29,"Angola",AGO,Final Demand,"Changes in inventories P.52"
30,"Angola",AGO,Final Demand,"Acquisitions less disposals of valuables P.53"
31,"Antigua",ATG,Final Demand,"Household final consumption P.3h"
32,"Antigua",ATG,Final Demand,"Non-profit institutions serving households P.3n"
33,"Antigua",ATG,Final Demand,"Government final consumption P.3g"
34,"Antigua",ATG,Final Demand,"Gross fixed capital formation P.51"
35,"Antigua",ATG,Final Demand,"Changes in inventories P.52"
36,"Antigua",ATG,Final Demand,"Acquisitions less disposals of valuables P.53"
37,"Argentina",ARG,Final Demand,"Household final consumption P.3h"
38,"Argentina",ARG,Final Demand,"Non-profit institutions serving households P.3n"
39,"Argentina",ARG,Final Demand,"Government final consumption P.3g"
40,"Argentina",ARG,Final Demand,"Gross fixed capital formation P.51"
41,"Argentina",ARG,Final Demand,"Changes in inventories P.52"
42,"Argentina",ARG,Final Demand,"Acquisitions less disposals of valuables P.53"
43,"Armenia",ARM,Final Demand,"Household final consumption P.3h"
44,"Armenia",ARM,Final Demand,"Non-profit institutions serving households P.3n"
45,"Armenia",ARM,Final Demand,"Government final consumption P.3g"
46,"Armenia",ARM,Final Demand,"Gross fixed capital formation P.51"
47,"Armenia",ARM,Final Demand,"Changes in inventories P.52"
48,"Armenia",ARM,Final Demand,"Acquisitions less disposals of valuables P.53"
49,"Aruba",ABW,Final Demand,"Household final consumption P.3h"
50,"Aruba",ABW,Final Demand,"Non-profit institutions serving households P.3n"
51,"Aruba",ABW,Final Demand,"Government final consumption P.3g"
52,"Aruba",ABW,Final Demand,"Gross fixed capital formation P.51"
53,"Aruba",ABW,Final Demand,"Changes in inventories P.52"
54,"Aruba",ABW,Final Demand,"Acquisitions less disposals of valuables P.53"
55,"Australia",AUS,Final Demand,"Household final consumption P.3h"
56,"Australia",AUS,Final Demand,"Non-profit institutions serving households P.3n"
57,"Australia",AUS,Final Demand,"Government final consumption P.3g"
58,"Australia",AUS,Final Demand,"Gross fixed capital formation P.51"
59,"Australia",AUS,Final Demand,"Changes in inventories P.52"
60,"Australia",AUS,Final Demand,"Acquisitions less disposals of valuables P.53"
61,"Austria",AUT,Final Demand,"Household final consumption P.3h"
62,"Austria",AUT,Final Demand,"Non-profit institutions serving households P.3n"
63,"Austria",AUT,Final Demand,"Government final consumption P.3g"
64,"Austria",AUT,Final Demand,"Gross fixed capital formation P.51"
65,"Austria",AUT,Final Demand,"Changes in inventories P.52"
66,"Austria",AUT,Final Demand,"Acquisitions less disposals of valuables P.53"
67,"Azerbaijan",AZE,Final Demand,"Household final consumption P.3h"
68,"Azerbaijan",AZE,Final Demand,"Non-profit institutions serving households P.3n"
69,"Azerbaijan",AZE,Final Demand,"Government final consumption P.3g"
70,"Azerbaijan",AZE,Final Demand,"Gross fixed capital formation P.51"
71,"Azerbaijan",AZE,Final Demand,"Changes in inventories P.52"
72,"Azerbaijan",AZE,Final Demand,"Acquisitions less disposals of valuables P.53"
73,"Bahamas",BHS,Final Demand,"Household final consumption P.3h"
74,"Bahamas",BHS,Final Demand,"Non-profit institutions serving households P.3n"
75,"Bahamas",BHS,Final Demand,"Government final consumption P.3g"
76,"Bahamas",BHS,Final Demand,"Gross fixed capital formation P.51"
77,"Bahamas",BHS,Final Demand,"Changes in inventories P.52"
78,"Bahamas",BHS,Final Demand,"Acquisitions less disposals of valuables P.53"
79,"Bahrain",BHR,Final Demand,"Household final consumption P.3h"
80,"Bahrain",BHR,Final Demand,"Non-profit institutions serving households P.3n"
81,"Bahrain",BHR,Final Demand,"Government final consumption P.3g"
82,"Bahrain",BHR,Final Demand,"Gross fixed capital formation P.51"
83,"Bahrain",BHR,Final Demand,"Changes in inventories P.52"
84,"Bahrain",BHR,Final Demand,"Acquisitions less disposals of valuables P.53"
85,"Bangladesh",BGD,Final Demand,"Household final consumption P.3h"
86,"Bangladesh",BGD,Final Demand,"Non-profit institutions serving households P.3n"
87,"Bangladesh",BGD,Final Demand,"Government final consumption P.3g"
88,"Bangladesh",BGD,Final Demand,"Gross fixed capital formation P.51"
89,"Bangladesh",BGD,Final Demand,"Changes in inventories P.52"
90,"Bangladesh",BGD,Final Demand,"Acquisitions less disposals of valuables P.53"
91,"Barbados",BRB,Final Demand,"Household final consumption P.3h"
92,"Barbados",BRB,Final Demand,"Non-profit institutions serving households P.3n"
93,"Barbados",BRB,Final Demand,"Government final consumption P.3g"
94,"Barbados",BRB,Final Demand,"Gross fixed capital formation P.51"
95,"Barbados",BRB,Final Demand,"Changes in inventories P.52"
96,"Barbados",BRB,Final Demand,"Acquisitions less disposals of valuables P.53"
97,"Belarus",BLR,Final Demand,"Household final consumption P.3h"
98,"Belarus",BLR,Final Demand,"Non-profit institutions serving households P.3n"
99,"Belarus",BLR,Final Demand,"Government final consumption P.3g"
100,"Belarus",BLR,Final Demand,"Gross fixed capital formation P.51"
101,"Belarus",BLR,Final Demand,"Changes in inventories P.52"
102,"Belarus",BLR,Final Demand,"Acquisitions less disposals of valuables P.53"
103,"Belgium",BEL,Final Demand,"Household final consumption P.3h"
104,"Belgium",BEL,Final Demand,"Non-profit institutions serving households P.3n"
105,"Belgium",BEL,Final Demand,"Government final consumption P.3g"
106,"Belgium",BEL,Final Demand,"Gross fixed capital formation P.51"
107,"Belgium",BEL,Final Demand,"Changes in inventories P.52"
108,"Belgium",BEL,Final Demand,"Acquisitions less disposals of valuables P.53"
109,"Belize",BLZ,Final Demand,"Household final consumption P.3h"
110,"Belize",BLZ,Final Demand,"Non-profit institutions serving households P.3n"
111,"Belize",BLZ,Final Demand,"Government final consumption P.3g"
112,"Belize",BLZ,Final Demand,"Gross fixed capital formation P.51"
113,"Belize",BLZ,Final Demand,"Changes in inventories P.52"
114,"Belize",BLZ,Final Demand,"Acquisitions less disposals of valuables P.53"
115,"Benin",BEN,Final Demand,"Household final consumption P.3h"
116,"Benin",BEN,Final Demand,"Non-profit institutions serving households P.3n"
117,"Benin",BEN,Final Demand,"Government final consumption P.3g"
118,"Benin",BEN,Final Demand,"Gross fixed capital formation P.51"
119,"Benin",BEN,Final Demand,"Changes in inventories P.52"
120,"Benin",BEN,Final Demand,"Acquisitions less disposals of valuables P.53"
121,"Bermuda",BMU,Final Demand,"Household final consumption P.3h"
122,"Bermuda",BMU,Final Demand,"Non-profit institutions serving households P.3n"
123,"Bermuda",BMU,Final Demand,"Government final consumption P.3g"
124,"Bermuda",BMU,Final Demand,"Gross fixed capital formation P.51"
125,"Bermuda",BMU,Final Demand,"Changes in inventories P.52"
126,"Bermuda",BMU,Final Demand,"Acquisitions less disposals of valuables P.53"
127,"Bhutan",BTN,Final Demand,"Household final consumption P.3h"
128,"Bhutan",BTN,Final Demand,"Non-profit institutions serving households P.3n"
129,"Bhutan",BTN,Final Demand,"Government final consumption P.3g"
130,"Bhutan",BTN,Final Demand,"Gross fixed capital formation P.51"
131,"Bhutan",BTN,Final Demand,"Changes in inventories P.52"
132,"Bhutan",BTN,Final Demand,"Acquisitions less disposals of valuables P.53"
133,"Bolivia",BOL,Final Demand,"Household final consumption P.3h"
134,"Bolivia",BOL,Final Demand,"Non-profit institutions serving households P.3n"
135,"Bolivia",BOL,Final Demand,"Government final consumption P.3g"
136,"Bolivia",BOL,Final Demand,"Gross fixed capital formation P.51"
137,"Bolivia",BOL,Final Demand,"Changes in inventories P.52"
138,"Bolivia",BOL,Final Demand,"Acquisitions less disposals of valuables P.53"
139,"Bosnia and Herzegovina",BIH,Final Demand,"Household final consumption P.3h"
140,"Bosnia and Herzegovina",BIH,Final Demand,"Non-profit institutions serving households P.3n"
141,"Bosnia and Herzegovina",BIH,Final Demand,"Government final consumption P.3g"
142,"Bosnia and Herzegovina",BIH,Final Demand,"Gross fixed capital formation P.51"
143,"Bosnia and Herzegovina",BIH,Final Demand,"Changes in inventories P.52"
144,"Bosnia and Herzegovina",BIH,Final Demand,"Acquisitions less disposals of valuables P.53"
145,"Botswana",BWA,Final Demand,"Household final consumption P.3h"
146,"Botswana",BWA,Final Demand,"Non-profit institutions serving households P.3n"
147,"Botswana",BWA,Final Demand,"Government final consumption P.3g"
148,"Botswana",BWA,Final Demand,"Gross fixed capital formation P.51"
149,"Botswana",BWA,Final Demand,"Changes in inventories P.52"
150,"Botswana",BWA,Final Demand,"Acquisitions less disposals of valuables P.53"
151,"Brazil",BRA,Final Demand,"Household final consumption P.3h"
152,"Brazil",BRA,Final Demand,"Non-profit institutions serving households P.3n"
153,"Brazil",BRA,Final Demand,"Government final consumption P.3g"
154,"Brazil",BRA,Final Demand,"Gross fixed capital formation P.51"
155,"Brazil",BRA,Final Demand,"Changes in inventories P.52"
156,"Brazil",BRA,Final Demand,"Acquisitions less disposals of valuables P.53"
157,"British Virgin Islands",VGB,Final Demand,"Household final consumption P.3h"
158,"British Virgin Islands",VGB,Final Demand,"Non-profit institutions serving households P.3n"
159,"British Virgin Islands",VGB,Final Demand,"Government final consumption P.3g"
160,"British Virgin Islands",VGB,Final Demand,"Gross fixed capital formation P.51"
161,"British Virgin Islands",VGB,Final Demand,"Changes in inventories P.52"
162,"British Virgin Islands",VGB,Final Demand,"Acquisitions less disposals of valuables P.53"
163,"Brunei",BRN,Final Demand,"Household final consumption P.3h"
164,"Brunei",BRN,Final Demand,"Non-profit institutions serving households P.3n"
165,"Brunei",BRN,Final Demand,"Government final consumption P.3g"
166,"Brunei",BRN,Final Demand,"Gross fixed capital formation P.51"
167,"Brunei",BRN,Final Demand,"Changes in inventories P.52"
168,"Brunei",BRN,Final Demand,"Acquisitions less disposals of valuables P.53"
169,"Bulgaria",BGR,Final Demand,"Household final consumption P.3h"
170,"Bulgaria",BGR,Final Demand,"Non-profit institutions serving households P.3n"
171,"Bulgaria",BGR,Final Demand,"Government final consumption P.3g"
172,"Bulgaria",BGR,Final Demand,"Gross fixed capital formation P.51"
173,"Bulgaria",BGR,Final Demand,"Changes in inventories P.52"
174,"Bulgaria",BGR,Final Demand,"Acquisitions less disposals of valuables P.53"
175,"Burkina Faso",BFA,Final Demand,"Household final consumption P.3h"
176,"Burkina Faso",BFA,Final Demand,"Non-profit institutions serving households P.3n"
177,"Burkina Faso",BFA,Final Demand,"Government final consumption P.3g"
178,"Burkina Faso",BFA,Final Demand,"Gross fixed capital formation P.51"
179,"Burkina Faso",BFA,Final Demand,"Changes in inventories P.52"
180,"Burkina Faso",BFA,Final Demand,"Acquisitions less disposals of valuables P.53"
181,"Burundi",BDI,Final Demand,"Household final consumption P.3h"
182,"Burundi",BDI,Final Demand,"Non-profit institutions serving households P.3n"
183,"Burundi",BDI,Final Demand,"Government final consumption P.3g"
184,"Burundi",BDI,Final Demand,"Gross fixed capital formation P.51"
185,"Burundi",BDI,Final Demand,"Changes in inventories P.52"
186,"Burundi",BDI,Final Demand,"Acquisitions less disposals of valuables P.53"
187,"Cambodia",KHM,Final Demand,"Household final consumption P.3h"
188,"Cambodia",KHM,Final Demand,"Non-profit institutions serving households P.3n"
189,"Cambodia",KHM,Final Demand,"Government final consumption P.3g"
190,"Cambodia",KHM,Final Demand,"Gross fixed capital formation P.51"
191,"Cambodia",KHM,Final Demand,"Changes in inventories P.52"
192,"Cambodia",KHM,Final Demand,"Acquisitions less disposals of valuables P.53"
193,"Cameroon",CMR,Final Demand,"Household final consumption P.3h"
194,"Cameroon",CMR,Final Demand,"Non-profit institutions serving households P.3n"
195,"Cameroon",CMR,Final Demand,"Government final consumption P.3g"
196,"Cameroon",CMR,Final Demand,"Gross fixed capital formation P.51"
197,"Cameroon",CMR,Final Demand,"Changes in inventories P.52"
198,"Cameroon",CMR,Final Demand,"Acquisitions less disposals of valuables P.53"
199,"Canada",CAN,Final Demand,"Household final consumption P.3h"
200,"Canada",CAN,Final Demand,"Non-profit institutions serving households P.3n"
201,"Canada",CAN,Final Demand,"Government final consumption P.3g"
202,"Canada",CAN,Final Demand,"Gross fixed capital formation P.51"
203,"Canada",CAN,Final Demand,"Changes in inventories P.52"
204,"Canada",CAN,Final Demand,"Acquisitions less disposals of valuables P.53"
205,"Cape Verde",CPV,Final Demand,"Household final consumption P.3h"
206,"Cape Verde",CPV,Final Demand,"Non-profit institutions serving households P.3n"
207,"Cape Verde",CPV,Final Demand,"Government final consumption P.3g"
208,"Cape Verde",CPV,Final Demand,"Gross fixed capital formation P.51"
209,"Cape Verde",CPV,Final Demand,"Changes in inventories P.52"
210,"Cape Verde",CPV,Final Demand,"Acquisitions less disposals of valuables P.53"
211,"Cayman Islands",CYM,Final Demand,"Household final consumption P.3h"
212,"Cayman Islands",CYM,Final Demand,"Non-profit institutions serving households P.3n"
213,"Cayman Islands",CYM,Final Demand,"Government final consumption P.3g"
214,"Cayman Islands",CYM,Final Demand,"Gross fixed capital formation P.51"
215,"Cayman Islands",CYM,Final Demand,"Changes in inventories P.52"
216,"Cayman Islands",CYM,Final Demand,"Acquisitions less disposals of valuables P.53"
217,"Central African Republic",CAF,Final Demand,"Household final consumption P.3h"
218,"Central African Republic",CAF,Final Demand,"Non-profit institutions serving households P.3n"
219,"Central African Republic",CAF,Final Demand,"Government final consumption P.3g"
220,"Central African Republic",CAF,Final Demand,"Gross fixed capital formation P.51"
221,"Central African Republic",CAF,Final Demand,"Changes in inventories P.52"
222,"Central African Republic",CAF,Final Demand,"Acquisitions less disposals of valuables P.53"
223,"Chad",TCD,Final Demand,"Household final consumption P.3h"
224,"Chad",TCD,Final Demand,"Non-profit institutions serving households P.3n"
225,"Chad",TCD,Final Demand,"Government final consumption P.3g"
226,"Chad",TCD,Final Demand,"Gross fixed capital formation P.51"
227,"Chad",TCD,Final Demand,"Changes in inventories P.52"
228,"Chad",TCD,Final Demand,"Acquisitions less disposals of valuables P.53"
229,"Chile",CHL,Final Demand,"Household final consumption P.3h"
230,"Chile",CHL,Final Demand,"Non-profit institutions serving households P.3n"
231,"Chile",CHL,Final Demand,"Government final consumption P.3g"
232,"Chile",CHL,Final Demand,"Gross fixed capital formation P.51"
233,"Chile",CHL,Final Demand,"Changes in inventories P.52"
234,"Chile",CHL,Final Demand,"Acquisitions less disposals of valuables P.53"
235,"China",CHN,Final Demand,"Household final consumption P.3h"
236,"China",CHN,Final Demand,"Non-profit institutions serving households P.3n"
237,"China",CHN,Final Demand,"Government final consumption P.3g"
238,"China",CHN,Final Demand,"Gross fixed capital formation P.51"
239,"China",CHN,Final Demand,"Changes in inventories P.52"
240,"China",CHN,Final Demand,"Acquisitions less disposals of valuables P.53"
241,"Colombia",COL,Final Demand,"Household final consumption P.3h"
242,"Colombia",COL,Final Demand,"Non-profit institutions serving households P.3n"
243,"Colombia",COL,Final Demand,"Government final consumption P.3g"
244,"Colombia",COL,Final Demand,"Gross fixed capital formation P.51"
245,"Colombia",COL,Final Demand,"Changes in inventories P.52"
246,"Colombia",COL,Final Demand,"Acquisitions less disposals of valuables P.53"
247,"Congo",COG,Final Demand,"Household final consumption P.3h"
248,"Congo",COG,Final Demand,"Non-profit institutions serving households P.3n"
249,"Congo",COG,Final Demand,"Government final consumption P.3g"
250,"Congo",COG,Final Demand,"Gross fixed capital formation P.51"
251,"Congo",COG,Final Demand,"Changes in inventories P.52"
252,"Congo",COG,Final Demand,"Acquisitions less disposals of valuables P.53"
253,"Costa Rica",CRI,Final Demand,"Household final consumption P.3h"
254,"Costa Rica",CRI,Final Demand,"Non-profit institutions serving households P.3n"
255,"Costa Rica",CRI,Final Demand,"Government final consumption P.3g"
256,"Costa Rica",CRI,Final Demand,"Gross fixed capital formation P.51"
257,"Costa Rica",CRI,Final Demand,"Changes in inventories P.52"
258,"Costa Rica",CRI,Final Demand,"Acquisitions less disposals of valuables P.53"
259,"Croatia",HRV,Final Demand,"Household final consumption P.3h"
260,"Croatia",HRV,Final Demand,"Non-profit institutions serving households P.3n"
261,"Croatia",HRV,Final Demand,"Government final consumption P.3g"
262,"Croatia",HRV,Final Demand,"Gross fixed capital formation P.51"
263,"Croatia",HRV,Final Demand,"Changes in inventories P.52"
264,"Croatia",HRV,Final Demand,"Acquisitions less disposals of valuables P.53"
265,"Cuba",CUB,Final Demand,"Household final consumption P.3h"
266,"Cuba",CUB,Final Demand,"Non-profit institutions serving households P.3n"
267,"Cuba",CUB,Final Demand,"Government final consumption P.3g"
268,"Cuba",CUB,Final Demand,"Gross fixed capital formation P.51"
269,"Cuba",CUB,Final Demand,"Changes in inventories P.52"
270,"Cuba",CUB,Final Demand,"Acquisitions less disposals of valuables P.53"
271,"Cyprus",CYP,Final Demand,"Household final consumption P.3h"
272,"Cyprus",CYP,Final Demand,"Non-profit institutions serving households P.3n"
273,"Cyprus",CYP,Final Demand,"Government final consumption P.3g"
274,"Cyprus",CYP,Final Demand,"Gross fixed capital formation P.51"
275,"Cyprus",CYP,Final Demand,"Changes in inventories P.52"
276,"Cyprus",CYP,Final Demand,"Acquisitions less disposals of valuables P.53"
277,"Czech Republic",CZE,Final Demand,"Household final consumption P.3h"
278,"Czech Republic",CZE,Final Demand,"Non-profit institutions serving households P.3n"
279,"Czech Republic",CZE,Final Demand,"Government final consumption P.3g"
280,"Czech Republic",CZE,Final Demand,"Gross fixed capital formation P.51"
281,"Czech Republic",CZE,Final Demand,"Changes in inventories P.52"
282,"Czech Republic",CZE,Final Demand,"Acquisitions less disposals of valuables P.53"
283,"Cote dIvoire",CIV,Final Demand,"Household final consumption P.3h"
284,"Cote dIvoire",CIV,Final Demand,"Non-profit institutions serving households P.3n"
285,"Cote dIvoire",CIV,Final Demand,"Government final consumption P.3g"
286,"Cote dIvoire",CIV,Final Demand,"Gross fixed capital formation P.51"
287,"Cote dIvoire",CIV,Final Demand,"Changes in inventories P.52"
288,"Cote dIvoire",CIV,Final Demand,"Acquisitions less disposals of valuables P.53"
289,"North Korea",PRK,Final Demand,"Household final consumption P.3h"
290,"North Korea",PRK,Final Demand,"Non-profit institutions serving households P.3n"
291,"North Korea",PRK,Final Demand,"Government final consumption P.3g"
292,"North Korea",PRK,Final Demand,"Gross fixed capital formation P.51"
293,"North Korea",PRK,Final Demand,"Changes in inventories P.52"
294,"North Korea",PRK,Final Demand,"Acquisitions less disposals of valuables P.53"
295,"DR Congo",COD,Final Demand,"Household final consumption P.3h"
296,"DR Congo",COD,Final Demand,"Non-profit institutions serving households P.3n"
297,"DR Congo",COD,Final Demand,"Government final consumption P.3g"
298,"DR Congo",COD,Final Demand,"Gross fixed capital formation P.51"
299,"DR Congo",COD,Final Demand,"Changes in inventories P.52"
300,"DR Congo",COD,Final Demand,"Acquisitions less disposals of valuables P.53"
301,"Denmark",DNK,Final Demand,"Household final consumption P.3h"
302,"Denmark",DNK,Final Demand,"Non-profit institutions serving households P.3n"
303,"Denmark",DNK,Final Demand,"Government final consumption P.3g"
304,"Denmark",DNK,Final Demand,"Gross fixed capital formation P.51"
305,"Denmark",DNK,Final Demand,"Changes in inventories P.52"
306,"Denmark",DNK,Final Demand,"Acquisitions less disposals of valuables P.53"
307,"Djibouti",DJI,Final Demand,"Household final consumption P.3h"
308,"Djibouti",DJI,Final Demand,"Non-profit institutions serving households P.3n"
309,"Djibouti",DJI,Final Demand,"Government final consumption P.3g"
310,"Djibouti",DJI,Final Demand,"Gross fixed capital formation P.51"
311,"Djibouti",DJI,Final Demand,"Changes in inventories P.52"
312,"Djibouti",DJI,Final Demand,"Acquisitions less disposals of valuables P.53"
313,"Dominican Republic",DOM,Final Demand,"Household final consumption P.3h"
314,"Dominican Republic",DOM,Final Demand,"Non-profit institutions serving households P.3n"
315,"Dominican Republic",DOM,Final Demand,"Government final consumption P.3g"
316,"Dominican Republic",DOM,Final Demand,"Gross fixed capital formation P.51"
317,"Dominican Republic",DOM,Final Demand,"Changes in inventories P.52"
318,"Dominican Republic",DOM,Final Demand,"Acquisitions less disposals of valuables P.53"
319,"Ecuador",ECU,Final Demand,"Household final consumption P.3h"
320,"Ecuador",ECU,Final Demand,"Non-profit institutions serving households P.3n"
321,"Ecuador",ECU,Final Demand,"Government final consumption P.3g"
322,"Ecuador",ECU,Final Demand,"Gross fixed capital formation P.51"
323,"Ecuador",ECU,Final Demand,"Changes in inventories P.52"
324,"Ecuador",ECU,Final Demand,"Acquisitions less disposals of valuables P.53"
325,"Egypt",EGY,Final Demand,"Household final consumption P.3h"
326,"Egypt",EGY,Final Demand,"Non-profit institutions serving households P.3n"
327,"Egypt",EGY,Final Demand,"Government final consumption P.3g"
328,"Egypt",EGY,Final Demand,"Gross fixed capital formation P.51"
329,"Egypt",EGY,Final Demand,"Changes in inventories P.52"
330,"Egypt",EGY,Final Demand,"Acquisitions less disposals of valuables P.53"
331,"El Salvador",SLV,Final Demand,"Household final consumption P.3h"
332,"El Salvador",SLV,Final Demand,"Non-profit institutions serving households P.3n"
333,"El Salvador",SLV,Final Demand,"Government final consumption P.3g"
334,"El Salvador",SLV,Final Demand,"Gross fixed capital formation P.51"
335,"El Salvador",SLV,Final Demand,"Changes in inventories P.52"
336,"El Salvador",SLV,Final Demand,"Acquisitions less disposals of valuables P.53"
337,"Eritrea",ERI,Final Demand,"Household final consumption P.3h"
338,"Eritrea",ERI,Final Demand,"Non-profit institutions serving households P.3n"
339,"Eritrea",ERI,Final Demand,"Government final consumption P.3g"
340,"Eritrea",ERI,Final Demand,"Gross fixed capital formation P.51"
341,"Eritrea",ERI,Final Demand,"Changes in inventories P.52"
342,"Eritrea",ERI,Final Demand,"Acquisitions less disposals of valuables P.53"
343,"Estonia",EST,Final Demand,"Household final consumption P.3h"
344,"Estonia",EST,Final Demand,"Non-profit institutions serving households P.3n"
345,"Estonia",EST,Final Demand,"Government final consumption P.3g"
346,"Estonia",EST,Final Demand,"Gross fixed capital formation P.51"
347,"Estonia",EST,Final Demand,"Changes in inventories P.52"
348,"Estonia",EST,Final Demand,"Acquisitions less disposals of valuables P.53"
349,"Ethiopia",ETH,Final Demand,"Household final consumption P.3h"
350,"Ethiopia",ETH,Final Demand,"Non-profit institutions serving households P.3n"
351,"Ethiopia",ETH,Final Demand,"Government final consumption P.3g"
352,"Ethiopia",ETH,Final Demand,"Gross fixed capital formation P.51"
353,"Ethiopia",ETH,Final Demand,"Changes in inventories P.52"
354,"Ethiopia",ETH,Final Demand,"Acquisitions less disposals of valuables P.53"
355,"Fiji",FJI,Final Demand,"Household final consumption P.3h"
356,"Fiji",FJI,Final Demand,"Non-profit institutions serving households P.3n"
357,"Fiji",FJI,Final Demand,"Government final consumption P.3g"
358,"Fiji",FJI,Final Demand,"Gross fixed capital formation P.51"
359,"Fiji",FJI,Final Demand,"Changes in inventories P.52"
360,"Fiji",FJI,Final Demand,"Acquisitions less disposals of valuables P.53"
361,"Finland",FIN,Final Demand,"Household final consumption P.3h"
362,"Finland",FIN,Final Demand,"Non-profit institutions serving households P.3n"
363,"Finland",FIN,Final Demand,"Government final consumption P.3g"
364,"Finland",FIN,Final Demand,"Gross fixed capital formation P.51"
365,"Finland",FIN,Final Demand,"Changes in inventories P.52"
366,"Finland",FIN,Final Demand,"Acquisitions less disposals of valuables P.53"
367,"France",FRA,Final Demand,"Household final consumption P.3h"
368,"France",FRA,Final Demand,"Non-profit institutions serving households P.3n"
369,"France",FRA,Final Demand,"Government final consumption P.3g"
370,"France",FRA,Final Demand,"Gross fixed capital formation P.51"
371,"France",FRA,Final Demand,"Changes in inventories P.52"
372,"France",FRA,Final Demand,"Acquisitions less disposals of valuables P.53"
373,"French Polynesia",PYF,Final Demand,"Household final consumption P.3h"
374,"French Polynesia",PYF,Final Demand,"Non-profit institutions serving households P.3n"
375,"French Polynesia",PYF,Final Demand,"Government final consumption P.3g"
376,"French Polynesia",PYF,Final Demand,"Gross fixed capital formation P.51"
377,"French Polynesia",PYF,Final Demand,"Changes in inventories P.52"
378,"French Polynesia",PYF,Final Demand,"Acquisitions less disposals of valuables P.53"
379,"Gabon",GAB,Final Demand,"Household final consumption P.3h"
380,"Gabon",GAB,Final Demand,"Non-profit institutions serving households P.3n"
381,"Gabon",GAB,Final Demand,"Government final consumption P.3g"
382,"Gabon",GAB,Final Demand,"Gross fixed capital formation P.51"
383,"Gabon",GAB,Final Demand,"Changes in inventories P.52"
384,"Gabon",GAB,Final Demand,"Acquisitions less disposals of valuables P.53"
385,"Gambia",GMB,Final Demand,"Household final consumption P.3h"
386,"Gambia",GMB,Final Demand,"Non-profit institutions serving households P.3n"
387,"Gambia",GMB,Final Demand,"Government final consumption P.3g"
388,"Gambia",GMB,Final Demand,"Gross fixed capital formation P.51"
389,"Gambia",GMB,Final Demand,"Changes in inventories P.52"
390,"Gambia",GMB,Final Demand,"Acquisitions less disposals of valuables P.53"
391,"Georgia",GEO,Final Demand,"Household final consumption P.3h"
392,"Georgia",GEO,Final Demand,"Non-profit institutions serving households P.3n"
393,"Georgia",GEO,Final Demand,"Government final consumption P.3g"
394,"Georgia",GEO,Final Demand,"Gross fixed capital formation P.51"
395,"Georgia",GEO,Final Demand,"Changes in inventories P.52"
396,"Georgia",GEO,Final Demand,"Acquisitions less disposals of valuables P.53"
397,"Germany",DEU,Final Demand,"Household final consumption P.3h"
398,"Germany",DEU,Final Demand,"Non-profit institutions serving households P.3n"
399,"Germany",DEU,Final Demand,"Government final consumption P.3g"
400,"Germany",DEU,Final Demand,"Gross fixed capital formation P.51"
401,"Germany",DEU,Final Demand,"Changes in inventories P.52"
402,"Germany",DEU,Final Demand,"Acquisitions less disposals of valuables P.53"
403,"Ghana",GHA,Final Demand,"Household final consumption P.3h"
404,"Ghana",GHA,Final Demand,"Non-profit institutions serving households P.3n"
405,"Ghana",GHA,Final Demand,"Government final consumption P.3g"
406,"Ghana",GHA,Final Demand,"Gross fixed capital formation P.51"
407,"Ghana",GHA,Final Demand,"Changes in inventories P.52"
408,"Ghana",GHA,Final Demand,"Acquisitions less disposals of valuables P.53"
409,"Greece",GRC,Final Demand,"Household final consumption P.3h"
410,"Greece",GRC,Final Demand,"Non-profit institutions serving households P.3n"
411,"Greece",GRC,Final Demand,"Government final consumption P.3g"
412,"Greece",GRC,Final Demand,"Gross fixed capital formation P.51"
413,"Greece",GRC,Final Demand,"Changes in inventories P.52"
414,"Greece",GRC,Final Demand,"Acquisitions less disposals of valuables P.53"
415,"Greenland",GRL,Final Demand,"Household final consumption P.3h"
416,"Greenland",GRL,Final Demand,"Non-profit institutions serving households P.3n"
417,"Greenland",GRL,Final Demand,"Government final consumption P.3g"
418,"Greenland",GRL,Final Demand,"Gross fixed capital formation P.51"
419,"Greenland",GRL,Final Demand,"Changes in inventories P.52"
420,"Greenland",GRL,Final Demand,"Acquisitions less disposals of valuables P.53"
421,"Guatemala",GTM,Final Demand,"Household final consumption P.3h"
422,"Guatemala",GTM,Final Demand,"Non-profit institutions serving households P.3n"
423,"Guatemala",GTM,Final Demand,"Government final consumption P.3g"
424,"Guatemala",GTM,Final Demand,"Gross fixed capital formation P.51"
425,"Guatemala",GTM,Final Demand,"Changes in inventories P.52"
426,"Guatemala",GTM,Final Demand,"Acquisitions less disposals of valuables P.53"
427,"Guinea",GIN,Final Demand,"Household final consumption P.3h"
428,"Guinea",GIN,Final Demand,"Non-profit institutions serving households P.3n"
429,"Guinea",GIN,Final Demand,"Government final consumption P.3g"
430,"Guinea",GIN,Final Demand,"Gross fixed capital formation P.51"
431,"Guinea",GIN,Final Demand,"Changes in inventories P.52"
432,"Guinea",GIN,Final Demand,"Acquisitions less disposals of valuables P.53"
433,"Guyana",GUY,Final Demand,"Household final consumption P.3h"
434,"Guyana",GUY,Final Demand,"Non-profit institutions serving households P.3n"
435,"Guyana",GUY,Final Demand,"Government final consumption P.3g"
436,"Guyana",GUY,Final Demand,"Gross fixed capital formation P.51"
437,"Guyana",GUY,Final Demand,"Changes in inventories P.52"
438,"Guyana",GUY,Final Demand,"Acquisitions less disposals of valuables P.53"
439,"Haiti",HTI,Final Demand,"Household final consumption P.3h"
440,"Haiti",HTI,Final Demand,"Non-profit institutions serving households P.3n"
441,"Haiti",HTI,Final Demand,"Government final consumption P.3g"
442,"Haiti",HTI,Final Demand,"Gross fixed capital formation P.51"
443,"Haiti",HTI,Final Demand,"Changes in inventories P.52"
444,"Haiti",HTI,Final Demand,"Acquisitions less disposals of valuables P.53"
445,"Honduras",HND,Final Demand,"Household final consumption P.3h"
446,"Honduras",HND,Final Demand,"Non-profit institutions serving households P.3n"
447,"Honduras",HND,Final Demand,"Government final consumption P.3g"
448,"Honduras",HND,Final Demand,"Gross fixed capital formation P.51"
449,"Honduras",HND,Final Demand,"Changes in inventories P.52"
450,"Honduras",HND,Final Demand,"Acquisitions less disposals of valuables P.53"
451,"Hong Kong",HKG,Final Demand,"Household final consumption P.3h"
452,"Hong Kong",HKG,Final Demand,"Non-profit institutions serving households P.3n"
453,"Hong Kong",HKG,Final Demand,"Government final consumption P.3g"
454,"Hong Kong",HKG,Final Demand,"Gross fixed capital formation P.51"
455,"Hong Kong",HKG,Final Demand,"Changes in inventories P.52"
456,"Hong Kong",HKG,Final Demand,"Acquisitions less disposals of valuables P.53"
457,"Hungary",HUN,Final Demand,"Household final consumption P.3h"
458,"Hungary",HUN,Final Demand,"Non-profit institutions serving households P.3n"
459,"Hungary",HUN,Final Demand,"Government final consumption P.3g"
460,"Hungary",HUN,Final Demand,"Gross fixed capital formation P.51"
461,"Hungary",HUN,Final Demand,"Changes in inventories P.52"
462,"Hungary",HUN,Final Demand,"Acquisitions less disposals of valuables P.53"
463,"Iceland",ISL,Final Demand,"Household final consumption P.3h"
464,"Iceland",ISL,Final Demand,"Non-profit institutions serving households P.3n"
465,"Iceland",ISL,Final Demand,"Government final consumption P.3g"
466,"Iceland",ISL,Final Demand,"Gross fixed capital formation P.51"
467,"Iceland",ISL,Final Demand,"Changes in inventories P.52"
468,"Iceland",ISL,Final Demand,"Acquisitions less disposals of valuables P.53"
469,"India",IND,Final Demand,"Household final consumption P.3h"
470,"India",IND,Final Demand,"Non-profit institutions serving households P.3n"
471,"India",IND,Final Demand,"Government final consumption P.3g"
472,"India",IND,Final Demand,"Gross fixed capital formation P.51"
473,"India",IND,Final Demand,"Changes in inventories P.52"
474,"India",IND,Final Demand,"Acquisitions less disposals of valuables P.53"
475,"Indonesia",IDN,Final Demand,"Household final consumption P.3h"
476,"Indonesia",IDN,Final Demand,"Non-profit institutions serving households P.3n"
477,"Indonesia",IDN,Final Demand,"Government final consumption P.3g"
478,"Indonesia",IDN,Final Demand,"Gross fixed capital formation P.51"
479,"Indonesia",IDN,Final Demand,"Changes in inventories P.52"
480,"Indonesia",IDN,Final Demand,"Acquisitions less disposals of valuables P.53"
481,"Iran",IRN,Final Demand,"Household final consumption P.3h"
482,"Iran",IRN,Final Demand,"Non-profit institutions serving households P.3n"
483,"Iran",IRN,Final Demand,"Government final consumption P.3g"
484,"Iran",IRN,Final Demand,"Gross fixed capital formation P.51"
485,"Iran",IRN,Final Demand,"Changes in inventories P.52"
486,"Iran",IRN,Final Demand,"Acquisitions less disposals of valuables P.53"
487,"Iraq",IRQ,Final Demand,"Household final consumption P.3h"
488,"Iraq",IRQ,Final Demand,"Non-profit institutions serving households P.3n"
489,"Iraq",IRQ,Final Demand,"Government final consumption P.3g"
490,"Iraq",IRQ,Final Demand,"Gross fixed capital formation P.51"
491,"Iraq",IRQ,Final Demand,"Changes in inventories P.52"
492,"Iraq",IRQ,Final Demand,"Acquisitions less disposals of valuables P.53"
493,"Ireland",IRL,Final Demand,"Household final consumption P.3h"
494,"Ireland",IRL,Final Demand,"Non-profit institutions serving households P.3n"
495,"Ireland",IRL,Final Demand,"Government final consumption P.3g"
496,"Ireland",IRL,Final Demand,"Gross fixed capital formation P.51"
497,"Ireland",IRL,Final Demand,"Changes in inventories P.52"
498,"Ireland",IRL,Final Demand,"Acquisitions less disposals of valuables P.53"
499,"Israel",ISR,Final Demand,"Household final consumption P.3h"
500,"Israel",ISR,Final Demand,"Non-profit institutions serving households P.3n"
501,"Israel",ISR,Final Demand,"Government final consumption P.3g"
502,"Israel",ISR,Final Demand,"Gross fixed capital formation P.51"
503,"Israel",ISR,Final Demand,"Changes in inventories P.52"
504,"Israel",ISR,Final Demand,"Acquisitions less disposals of valuables P.53"
505,"Italy",ITA,Final Demand,"Household final consumption P.3h"
506,"Italy",ITA,Final Demand,"Non-profit institutions serving households P.3n"
507,"Italy",ITA,Final Demand,"Government final consumption P.3g"
508,"Italy",ITA,Final Demand,"Gross fixed capital formation P.51"
509,"Italy",ITA,Final Demand,"Changes in inventories P.52"
510,"Italy",ITA,Final Demand,"Acquisitions less disposals of valuables P.53"
511,"Jamaica",JAM,Final Demand,"Household final consumption P.3h"
512,"Jamaica",JAM,Final Demand,"Non-profit institutions serving households P.3n"
513,"Jamaica",JAM,Final Demand,"Government final consumption P.3g"
514,"Jamaica",JAM,Final Demand,"Gross fixed capital formation P.51"
515,"Jamaica",JAM,Final Demand,"Changes in inventories P.52"
516,"Jamaica",JAM,Final Demand,"Acquisitions less disposals of valuables P.53"
517,"Japan",JPN,Final Demand,"Household final consumption P.3h"
518,"Japan",JPN,Final Demand,"Non-profit institutions serving households P.3n"
519,"Japan",JPN,Final Demand,"Government final consumption P.3g"
520,"Japan",JPN,Final Demand,"Gross fixed capital formation P.51"
521,"Japan",JPN,Final Demand,"Changes in inventories P.52"
522,"Japan",JPN,Final Demand,"Acquisitions less disposals of valuables P.53"
523,"Jordan",JOR,Final Demand,"Household final consumption P.3h"
524,"Jordan",JOR,Final Demand,"Non-profit institutions serving households P.3n"
525,"Jordan",JOR,Final Demand,"Government final consumption P.3g"
526,"Jordan",JOR,Final Demand,"Gross fixed capital formation P.51"
527,"Jordan",JOR,Final Demand,"Changes in inventories P.52"
528,"Jordan",JOR,Final Demand,"Acquisitions less disposals of valuables P.53"
529,"Kazakhstan",KAZ,Final Demand,"Household final consumption P.3h"
530,"Kazakhstan",KAZ,Final Demand,"Non-profit institutions serving households P.3n"
531,"Kazakhstan",KAZ,Final Demand,"Government final consumption P.3g"
532,"Kazakhstan",KAZ,Final Demand,"Gross fixed capital formation P.51"
533,"Kazakhstan",KAZ,Final Demand,"Changes in inventories P.52"
534,"Kazakhstan",KAZ,Final Demand,"Acquisitions less disposals of valuables P.53"
535,"Kenya",KEN,Final Demand,"Household final consumption P.3h"
536,"Kenya",KEN,Final Demand,"Non-profit institutions serving households P.3n"
537,"Kenya",KEN,Final Demand,"Government final consumption P.3g"
538,"Kenya",KEN,Final Demand,"Gross fixed capital formation P.51"
539,"Kenya",KEN,Final Demand,"Changes in inventories P.52"
540,"Kenya",KEN,Final Demand,"Acquisitions less disposals of valuables P.53"
541,"Kuwait",KWT,Final Demand,"Household final consumption P.3h"
542,"Kuwait",KWT,Final Demand,"Non-profit institutions serving households P.3n"
543,"Kuwait",KWT,Final Demand,"Government final consumption P.3g"
544,"Kuwait",KWT,Final Demand,"Gross fixed capital formation P.51"
545,"Kuwait",KWT,Final Demand,"Changes in inventories P.52"
546,"Kuwait",KWT,Final Demand,"Acquisitions less disposals of valuables P.53"
547,"Kyrgyzstan",KGZ,Final Demand,"Household final consumption P.3h"
548,"Kyrgyzstan",KGZ,Final Demand,"Non-profit institutions serving households P.3n"
549,"Kyrgyzstan",KGZ,Final Demand,"Government final consumption P.3g"
550,"Kyrgyzstan",KGZ,Final Demand,"Gross fixed capital formation P.51"
551,"Kyrgyzstan",KGZ,Final Demand,"Changes in inventories P.52"
552,"Kyrgyzstan",KGZ,Final Demand,"Acquisitions less disposals of valuables P.53"
553,"Laos",LAO,Final Demand,"Household final consumption P.3h"
554,"Laos",LAO,Final Demand,"Non-profit institutions serving households P.3n"
555,"Laos",LAO,Final Demand,"Government final consumption P.3g"
556,"Laos",LAO,Final Demand,"Gross fixed capital formation P.51"
557,"Laos",LAO,Final Demand,"Changes in inventories P.52"
558,"Laos",LAO,Final Demand,"Acquisitions less disposals of valuables P.53"
559,"Latvia",LVA,Final Demand,"Household final consumption P.3h"
560,"Latvia",LVA,Final Demand,"Non-profit institutions serving households P.3n"
561,"Latvia",LVA,Final Demand,"Government final consumption P.3g"
562,"Latvia",LVA,Final Demand,"Gross fixed capital formation P.51"
563,"Latvia",LVA,Final Demand,"Changes in inventories P.52"
564,"Latvia",LVA,Final Demand,"Acquisitions less disposals of valuables P.53"
565,"Lebanon",LBN,Final Demand,"Household final consumption P.3h"
566,"Lebanon",LBN,Final Demand,"Non-profit institutions serving households P.3n"
567,"Lebanon",LBN,Final Demand,"Government final consumption P.3g"
568,"Lebanon",LBN,Final Demand,"Gross fixed capital formation P.51"
569,"Lebanon",LBN,Final Demand,"Changes in inventories P.52"
570,"Lebanon",LBN,Final Demand,"Acquisitions less disposals of valuables P.53"
571,"Lesotho",LSO,Final Demand,"Household final consumption P.3h"
572,"Lesotho",LSO,Final Demand,"Non-profit institutions serving households P.3n"
573,"Lesotho",LSO,Final Demand,"Government final consumption P.3g"
574,"Lesotho",LSO,Final Demand,"Gross fixed capital formation P.51"
575,"Lesotho",LSO,Final Demand,"Changes in inventories P.52"
576,"Lesotho",LSO,Final Demand,"Acquisitions less disposals of valuables P.53"
577,"Liberia",LBR,Final Demand,"Household final consumption P.3h"
578,"Liberia",LBR,Final Demand,"Non-profit institutions serving households P.3n"
579,"Liberia",LBR,Final Demand,"Government final consumption P.3g"
580,"Liberia",LBR,Final Demand,"Gross fixed capital formation P.51"
581,"Liberia",LBR,Final Demand,"Changes in inventories P.52"
582,"Liberia",LBR,Final Demand,"Acquisitions less disposals of valuables P.53"
583,"Libya",LBY,Final Demand,"Household final consumption P.3h"
584,"Libya",LBY,Final Demand,"Non-profit institutions serving households P.3n"
585,"Libya",LBY,Final Demand,"Government final consumption P.3g"
586,"Libya",LBY,Final Demand,"Gross fixed capital formation P.51"
587,"Libya",LBY,Final Demand,"Changes in inventories P.52"
588,"Libya",LBY,Final Demand,"Acquisitions less disposals of valuables P.53"
589,"Liechtenstein",LIE,Final Demand,"Household final consumption P.3h"
590,"Liechtenstein",LIE,Final Demand,"Non-profit institutions serving households P.3n"
591,"Liechtenstein",LIE,Final Demand,"Government final consumption P.3g"
592,"Liechtenstein",LIE,Final Demand,"Gross fixed capital formation P.51"
593,"Liechtenstein",LIE,Final Demand,"Changes in inventories P.52"
594,"Liechtenstein",LIE,Final Demand,"Acquisitions less disposals of valuables P.53"
595,"Lithuania",LTU,Final Demand,"Household final consumption P.3h"
596,"Lithuania",LTU,Final Demand,"Non-profit institutions serving households P.3n"
597,"Lithuania",LTU,Final Demand,"Government final consumption P.3g"
598,"Lithuania",LTU,Final Demand,"Gross fixed capital formation P.51"
599,"Lithuania",LTU,Final Demand,"Changes in inventories P.52"
600,"Lithuania",LTU,Final Demand,"Acquisitions less disposals of valuables P.53"
601,"Luxembourg",LUX,Final Demand,"Household final consumption P.3h"
602,"Luxembourg",LUX,Final Demand,"Non-profit institutions serving households P.3n"
603,"Luxembourg",LUX,Final Demand,"Government final consumption P.3g"
604,"Luxembourg",LUX,Final Demand,"Gross fixed capital formation P.51"
605,"Luxembourg",LUX,Final Demand,"Changes in inventories P.52"
606,"Luxembourg",LUX,Final Demand,"Acquisitions less disposals of valuables P.53"
607,"Macao SAR",MAC,Final Demand,"Household final consumption P.3h"
608,"Macao SAR",MAC,Final Demand,"Non-profit institutions serving households P.3n"
609,"Macao SAR",MAC,Final Demand,"Government final consumption P.3g"
610,"Macao SAR",MAC,Final Demand,"Gross fixed capital formation P.51"
611,"Macao SAR",MAC,Final Demand,"Changes in inventories P.52"
612,"Macao SAR",MAC,Final Demand,"Acquisitions less disposals of valuables P.53"
613,"Madagascar",MDG,Final Demand,"Household final consumption P.3h"
614,"Madagascar",MDG,Final Demand,"Non-profit institutions serving households P.3n"
615,"Madagascar",MDG,Final Demand,"Government final consumption P.3g"
616,"Madagascar",MDG,Final Demand,"Gross fixed capital formation P.51"
617,"Madagascar",MDG,Final Demand,"Changes in inventories P.52"
618,"Madagascar",MDG,Final Demand,"Acquisitions less disposals of valuables P.53"
619,"Malawi",MWI,Final Demand,"Household final consumption P.3h"
620,"Malawi",MWI,Final Demand,"Non-profit institutions serving households P.3n"
621,"Malawi",MWI,Final Demand,"Government final consumption P.3g"
622,"Malawi",MWI,Final Demand,"Gross fixed capital formation P.51"
623,"Malawi",MWI,Final Demand,"Changes in inventories P.52"
624,"Malawi",MWI,Final Demand,"Acquisitions less disposals of valuables P.53"
625,"Malaysia",MYS,Final Demand,"Household final consumption P.3h"
626,"Malaysia",MYS,Final Demand,"Non-profit institutions serving households P.3n"
627,"Malaysia",MYS,Final Demand,"Government final consumption P.3g"
628,"Malaysia",MYS,Final Demand,"Gross fixed capital formation P.51"
629,"Malaysia",MYS,Final Demand,"Changes in inventories P.52"
630,"Malaysia",MYS,Final Demand,"Acquisitions less disposals of valuables P.53"
631,"Maldives",MDV,Final Demand,"Household final consumption P.3h"
632,"Maldives",MDV,Final Demand,"Non-profit institutions serving households P.3n"
633,"Maldives",MDV,Final Demand,"Government final consumption P.3g"
634,"Maldives",MDV,Final Demand,"Gross fixed capital formation P.51"
635,"Maldives",MDV,Final Demand,"Changes in inventories P.52"
636,"Maldives",MDV,Final Demand,"Acquisitions less disposals of valuables P.53"
637,"Mali",MLI,Final Demand,"Household final consumption P.3h"
638,"Mali",MLI,Final Demand,"Non-profit institutions serving households P.3n"
639,"Mali",MLI,Final Demand,"Government final consumption P.3g"
640,"Mali",MLI,Final Demand,"Gross fixed capital formation P.51"
641,"Mali",MLI,Final Demand,"Changes in inventories P.52"
642,"Mali",MLI,Final Demand,"Acquisitions less disposals of valuables P.53"
643,"Malta",MLT,Final Demand,"Household final consumption P.3h"
644,"Malta",MLT,Final Demand,"Non-profit institutions serving households P.3n"
645,"Malta",MLT,Final Demand,"Government final consumption P.3g"
646,"Malta",MLT,Final Demand,"Gross fixed capital formation P.51"
647,"Malta",MLT,Final Demand,"Changes in inventories P.52"
648,"Malta",MLT,Final Demand,"Acquisitions less disposals of valuables P.53"
649,"Mauritania",MRT,Final Demand,"Household final consumption P.3h"
650,"Mauritania",MRT,Final Demand,"Non-profit institutions serving households P.3n"
651,"Mauritania",MRT,Final Demand,"Government final consumption P.3g"
652,"Mauritania",MRT,Final Demand,"Gross fixed capital formation P.51"
653,"Mauritania",MRT,Final Demand,"Changes in inventories P.52"
654,"Mauritania",MRT,Final Demand,"Acquisitions less disposals of valuables P.53"
655,"Mauritius",MUS,Final Demand,"Household final consumption P.3h"
656,"Mauritius",MUS,Final Demand,"Non-profit institutions serving households P.3n"
657,"Mauritius",MUS,Final Demand,"Government final consumption P.3g"
658,"Mauritius",MUS,Final Demand,"Gross fixed capital formation P.51"
659,"Mauritius",MUS,Final Demand,"Changes in inventories P.52"
660,"Mauritius",MUS,Final Demand,"Acquisitions less disposals of valuables P.53"
661,"Mexico",MEX,Final Demand,"Household final consumption P.3h"
662,"Mexico",MEX,Final Demand,"Non-profit institutions serving households P.3n"
663,"Mexico",MEX,Final Demand,"Government final consumption P.3g"
664,"Mexico",MEX,Final Demand,"Gross fixed capital formation P.51"
665,"Mexico",MEX,Final Demand,"Changes in inventories P.52"
666,"Mexico",MEX,Final Demand,"Acquisitions less disposals of valuables P.53"
667,"Monaco",MCO,Final Demand,"Household final consumption P.3h"
668,"Monaco",MCO,Final Demand,"Non-profit institutions serving households P.3n"
669,"Monaco",MCO,Final Demand,"Government final consumption P.3g"
670,"Monaco",MCO,Final Demand,"Gross fixed capital formation P.51"
671,"Monaco",MCO,Final Demand,"Changes in inventories P.52"
672,"Monaco",MCO,Final Demand,"Acquisitions less disposals of valuables P.53"
673,"Mongolia",MNG,Final Demand,"Household final consumption P.3h"
674,"Mongolia",MNG,Final Demand,"Non-profit institutions serving households P.3n"
675,"Mongolia",MNG,Final Demand,"Government final consumption P.3g"
676,"Mongolia",MNG,Final Demand,"Gross fixed capital formation P.51"
677,"Mongolia",MNG,Final Demand,"Changes in inventories P.52"
678,"Mongolia",MNG,Final Demand,"Acquisitions less disposals of valuables P.53"
679,"Montenegro",MNE,Final Demand,"Household final consumption P.3h"
680,"Montenegro",MNE,Final Demand,"Non-profit institutions serving households P.3n"
681,"Montenegro",MNE,Final Demand,"Government final consumption P.3g"
682,"Montenegro",MNE,Final Demand,"Gross fixed capital formation P.51"
683,"Montenegro",MNE,Final Demand,"Changes in inventories P.52"
684,"Montenegro",MNE,Final Demand,"Acquisitions less disposals of valuables P.53"
685,"Morocco",MAR,Final Demand,"Household final consumption P.3h"
686,"Morocco",MAR,Final Demand,"Non-profit institutions serving households P.3n"
687,"Morocco",MAR,Final Demand,"Government final consumption P.3g"
688,"Morocco",MAR,Final Demand,"Gross fixed capital formation P.51"
689,"Morocco",MAR,Final Demand,"Changes in inventories P.52"
690,"Morocco",MAR,Final Demand,"Acquisitions less disposals of valuables P.53"
691,"Mozambique",MOZ,Final Demand,"Household final consumption P.3h"
692,"Mozambique",MOZ,Final Demand,"Non-profit institutions serving households P.3n"
693,"Mozambique",MOZ,Final Demand,"Government final consumption P.3g"
694,"Mozambique",MOZ,Final Demand,"Gross fixed capital formation P.51"
695,"Mozambique",MOZ,Final Demand,"Changes in inventories P.52"
696,"Mozambique",MOZ,Final Demand,"Acquisitions less disposals of valuables P.53"
697,"Myanmar",MMR,Final Demand,"Household final consumption P.3h"
698,"Myanmar",MMR,Final Demand,"Non-profit institutions serving households P.3n"
699,"Myanmar",MMR,Final Demand,"Government final consumption P.3g"
700,"Myanmar",MMR,Final Demand,"Gross fixed capital formation P.51"
701,"Myanmar",MMR,Final Demand,"Changes in inventories P.52"
702,"Myanmar",MMR,Final Demand,"Acquisitions less disposals of valuables P.53"
703,"Namibia",NAM,Final Demand,"Household final consumption P.3h"
704,"Namibia",NAM,Final Demand,"Non-profit institutions serving households P.3n"
705,"Namibia",NAM,Final Demand,"Government final consumption P.3g"
706,"Namibia",NAM,Final Demand,"Gross fixed capital formation P.51"
707,"Namibia",NAM,Final Demand,"Changes in inventories P.52"
708,"Namibia",NAM,Final Demand,"Acquisitions less disposals of valuables P.53"
709,"Nepal",NPL,Final Demand,"Household final consumption P.3h"
710,"Nepal",NPL,Final Demand,"Non-profit institutions serving households P.3n"
711,"Nepal",NPL,Final Demand,"Government final consumption P.3g"
712,"Nepal",NPL,Final Demand,"Gross fixed capital formation P.51"
713,"Nepal",NPL,Final Demand,"Changes in inventories P.52"
714,"Nepal",NPL,Final Demand,"Acquisitions less disposals of valuables P.53"
715,"Netherlands",NLD,Final Demand,"Household final consumption P.3h"
716,"Netherlands",NLD,Final Demand,"Non-profit institutions serving households P.3n"
717,"Netherlands",NLD,Final Demand,"Government final consumption P.3g"
718,"Netherlands",NLD,Final Demand,"Gross fixed capital formation P.51"
719,"Netherlands",NLD,Final Demand,"Changes in inventories P.52"
720,"Netherlands",NLD,Final Demand,"Acquisitions less disposals of valuables P.53"
721,"Netherlands Antilles",ANT,Final Demand,"Household final consumption P.3h"
722,"Netherlands Antilles",ANT,Final Demand,"Non-profit institutions serving households P.3n"
723,"Netherlands Antilles",ANT,Final Demand,"Government final consumption P.3g"
724,"Netherlands Antilles",ANT,Final Demand,"Gross fixed capital formation P.51"
725,"Netherlands Antilles",ANT,Final Demand,"Changes in inventories P.52"
726,"Netherlands Antilles",ANT,Final Demand,"Acquisitions less disposals of valuables P.53"
727,"New Caledonia",NCL,Final Demand,"Household final consumption P.3h"
728,"New Caledonia",NCL,Final Demand,"Non-profit institutions serving households P.3n"
729,"New Caledonia",NCL,Final Demand,"Government final consumption P.3g"
730,"New Caledonia",NCL,Final Demand,"Gross fixed capital formation P.51"
731,"New Caledonia",NCL,Final Demand,"Changes in inventories P.52"
732,"New Caledonia",NCL,Final Demand,"Acquisitions less disposals of valuables P.53"
733,"New Zealand",NZL,Final Demand,"Household final consumption P.3h"
734,"New Zealand",NZL,Final Demand,"Non-profit institutions serving households P.3n"
735,"New Zealand",NZL,Final Demand,"Government final consumption P.3g"
736,"New Zealand",NZL,Final Demand,"Gross fixed capital formation P.51"
737,"New Zealand",NZL,Final Demand,"Changes in inventories P.52"
738,"New Zealand",NZL,Final Demand,"Acquisitions less disposals of valuables P.53"
739,"Nicaragua",NIC,Final Demand,"Household final consumption P.3h"
740,"Nicaragua",NIC,Final Demand,"Non-profit institutions serving households P.3n"
741,"Nicaragua",NIC,Final Demand,"Government final consumption P.3g"
742,"Nicaragua",NIC,Final Demand,"Gross fixed capital formation P.51"
743,"Nicaragua",NIC,Final Demand,"Changes in inventories P.52"
744,"Nicaragua",NIC,Final Demand,"Acquisitions less disposals of valuables P.53"
745,"Niger",NER,Final Demand,"Household final consumption P.3h"
746,"Niger",NER,Final Demand,"Non-profit institutions serving households P.3n"
747,"Niger",NER,Final Demand,"Government final consumption P.3g"
748,"Niger",NER,Final Demand,"Gross fixed capital formation P.51"
749,"Niger",NER,Final Demand,"Changes in inventories P.52"
750,"Niger",NER,Final Demand,"Acquisitions less disposals of valuables P.53"
751,"Nigeria",NGA,Final Demand,"Household final consumption P.3h"
752,"Nigeria",NGA,Final Demand,"Non-profit institutions serving households P.3n"
753,"Nigeria",NGA,Final Demand,"Government final consumption P.3g"
754,"Nigeria",NGA,Final Demand,"Gross fixed capital formation P.51"
755,"Nigeria",NGA,Final Demand,"Changes in inventories P.52"
756,"Nigeria",NGA,Final Demand,"Acquisitions less disposals of valuables P.53"
757,"Norway",NOR,Final Demand,"Household final consumption P.3h"
758,"Norway",NOR,Final Demand,"Non-profit institutions serving households P.3n"
759,"Norway",NOR,Final Demand,"Government final consumption P.3g"
760,"Norway",NOR,Final Demand,"Gross fixed capital formation P.51"
761,"Norway",NOR,Final Demand,"Changes in inventories P.52"
762,"Norway",NOR,Final Demand,"Acquisitions less disposals of valuables P.53"
763,"Gaza Strip",PSE,Final Demand,"Household final consumption P.3h"
764,"Gaza Strip",PSE,Final Demand,"Non-profit institutions serving households P.3n"
765,"Gaza Strip",PSE,Final Demand,"Government final consumption P.3g"
766,"Gaza Strip",PSE,Final Demand,"Gross fixed capital formation P.51"
767,"Gaza Strip",PSE,Final Demand,"Changes in inventories P.52"
768,"Gaza Strip",PSE,Final Demand,"Acquisitions less disposals of valuables P.53"
769,"Oman",OMN,Final Demand,"Household final consumption P.3h"
770,"Oman",OMN,Final Demand,"Non-profit institutions serving households P.3n"
771,"Oman",OMN,Final Demand,"Government final consumption P.3g"
772,"Oman",OMN,Final Demand,"Gross fixed capital formation P.51"
773,"Oman",OMN,Final Demand,"Changes in inventories P.52"
774,"Oman",OMN,Final Demand,"Acquisitions less disposals of valuables P.53"
775,"Pakistan",PAK,Final Demand,"Household final consumption P.3h"
776,"Pakistan",PAK,Final Demand,"Non-profit institutions serving households P.3n"
777,"Pakistan",PAK,Final Demand,"Government final consumption P.3g"
778,"Pakistan",PAK,Final Demand,"Gross fixed capital formation P.51"
779,"Pakistan",PAK,Final Demand,"Changes in inventories P.52"
780,"Pakistan",PAK,Final Demand,"Acquisitions less disposals of valuables P.53"
781,"Panama",PAN,Final Demand,"Household final consumption P.3h"
782,"Panama",PAN,Final Demand,"Non-profit institutions serving households P.3n"
783,"Panama",PAN,Final Demand,"Government final consumption P.3g"
784,"Panama",PAN,Final Demand,"Gross fixed capital formation P.51"
785,"Panama",PAN,Final Demand,"Changes in inventories P.52"
786,"Panama",PAN,Final Demand,"Acquisitions less disposals of valuables P.53"
787,"Papua New Guinea",PNG,Final Demand,"Household final consumption P.3h"
788,"Papua New Guinea",PNG,Final Demand,"Non-profit institutions serving households P.3n"
789,"Papua New Guinea",PNG,Final Demand,"Government final consumption P.3g"
790,"Papua New Guinea",PNG,Final Demand,"Gross fixed capital formation P.51"
791,"Papua New Guinea",PNG,Final Demand,"Changes in inventories P.52"
792,"Papua New Guinea",PNG,Final Demand,"Acquisitions less disposals of valuables P.53"
793,"Paraguay",PRY,Final Demand,"Household final consumption P.3h"
794,"Paraguay",PRY,Final Demand,"Non-profit institutions serving households P.3n"
795,"Paraguay",PRY,Final Demand,"Government final consumption P.3g"
796,"Paraguay",PRY,Final Demand,"Gross fixed capital formation P.51"
797,"Paraguay",PRY,Final Demand,"Changes in inventories P.52"
798,"Paraguay",PRY,Final Demand,"Acquisitions less disposals of valuables P.53"
799,"Peru",PER,Final Demand,"Household final consumption P.3h"
800,"Peru",PER,Final Demand,"Non-profit institutions serving households P.3n"
801,"Peru",PER,Final Demand,"Government final consumption P.3g"
802,"Peru",PER,Final Demand,"Gross fixed capital formation P.51"
803,"Peru",PER,Final Demand,"Changes in inventories P.52"
804,"Peru",PER,Final Demand,"Acquisitions less disposals of valuables P.53"
805,"Philippines",PHL,Final Demand,"Household final consumption P.3h"
806,"Philippines",PHL,Final Demand,"Non-profit institutions serving households P.3n"
807,"Philippines",PHL,Final Demand,"Government final consumption P.3g"
808,"Philippines",PHL,Final Demand,"Gross fixed capital formation P.51"
809,"Philippines",PHL,Final Demand,"Changes in inventories P.52"
810,"Philippines",PHL,Final Demand,"Acquisitions less disposals of valuables P.53"
811,"Poland",POL,Final Demand,"Household final consumption P.3h"
812,"Poland",POL,Final Demand,"Non-profit institutions serving households P.3n"
813,"Poland",POL,Final Demand,"Government final consumption P.3g"
814,"Poland",POL,Final Demand,"Gross fixed capital formation P.51"
815,"Poland",POL,Final Demand,"Changes in inventories P.52"
816,"Poland",POL,Final Demand,"Acquisitions less disposals of valuables P.53"
817,"Portugal",PRT,Final Demand,"Household final consumption P.3h"
818,"Portugal",PRT,Final Demand,"Non-profit institutions serving households P.3n"
819,"Portugal",PRT,Final Demand,"Government final consumption P.3g"
820,"Portugal",PRT,Final Demand,"Gross fixed capital formation P.51"
821,"Portugal",PRT,Final Demand,"Changes in inventories P.52"
822,"Portugal",PRT,Final Demand,"Acquisitions less disposals of valuables P.53"
823,"Qatar",QAT,Final Demand,"Household final consumption P.3h"
824,"Qatar",QAT,Final Demand,"Non-profit institutions serving households P.3n"
825,"Qatar",QAT,Final Demand,"Government final consumption P.3g"
826,"Qatar",QAT,Final Demand,"Gross fixed capital formation P.51"
827,"Qatar",QAT,Final Demand,"Changes in inventories P.52"
828,"Qatar",QAT,Final Demand,"Acquisitions less disposals of valuables P.53"
829,"South Korea",KOR,Final Demand,"Household final consumption P.3h"
830,"South Korea",KOR,Final Demand,"Non-profit institutions serving households P.3n"
831,"South Korea",KOR,Final Demand,"Government final consumption P.3g"
832,"South Korea",KOR,Final Demand,"Gross fixed capital formation P.51"
833,"South Korea",KOR,Final Demand,"Changes in inventories P.52"
834,"South Korea",KOR,Final Demand,"Acquisitions less disposals of valuables P.53"
835,"Moldova",MDA,Final Demand,"Household final consumption P.3h"
836,"Moldova",MDA,Final Demand,"Non-profit institutions serving households P.3n"
837,"Moldova",MDA,Final Demand,"Government final consumption P.3g"
838,"Moldova",MDA,Final Demand,"Gross fixed capital formation P.51"
839,"Moldova",MDA,Final Demand,"Changes in inventories P.52"
840,"Moldova",MDA,Final Demand,"Acquisitions less disposals of valuables P.53"
841,"Romania",ROU,Final Demand,"Household final consumption P.3h"
842,"Romania",ROU,Final Demand,"Non-profit institutions serving households P.3n"
843,"Romania",ROU,Final Demand,"Government final consumption P.3g"
844,"Romania",ROU,Final Demand,"Gross fixed capital formation P.51"
845,"Romania",ROU,Final Demand,"Changes in inventories P.52"
846,"Romania",ROU,Final Demand,"Acquisitions less disposals of valuables P.53"
847,"Russia",RUS,Final Demand,"Household final consumption P.3h"
848,"Russia",RUS,Final Demand,"Non-profit institutions serving households P.3n"
849,"Russia",RUS,Final Demand,"Government final consumption P.3g"
850,"Russia",RUS,Final Demand,"Gross fixed capital formation P.51"
851,"Russia",RUS,Final Demand,"Changes in inventories P.52"
852,"Russia",RUS,Final Demand,"Acquisitions less disposals of valuables P.53"
853,"Rwanda",RWA,Final Demand,"Household final consumption P.3h"
854,"Rwanda",RWA,Final Demand,"Non-profit institutions serving households P.3n"
855,"Rwanda",RWA,Final Demand,"Government final consumption P.3g"
856,"Rwanda",RWA,Final Demand,"Gross fixed capital formation P.51"
857,"Rwanda",RWA,Final Demand,"Changes in inventories P.52"
858,"Rwanda",RWA,Final Demand,"Acquisitions less disposals of valuables P.53"
859,"Samoa",WSM,Final Demand,"Household final consumption P.3h"
860,"Samoa",WSM,Final Demand,"Non-profit institutions serving households P.3n"
861,"Samoa",WSM,Final Demand,"Government final consumption P.3g"
862,"Samoa",WSM,Final Demand,"Gross fixed capital formation P.51"
863,"Samoa",WSM,Final Demand,"Changes in inventories P.52"
864,"Samoa",WSM,Final Demand,"Acquisitions less disposals of valuables P.53"
865,"San Marino",SMR,Final Demand,"Household final consumption P.3h"
866,"San Marino",SMR,Final Demand,"Non-profit institutions serving households P.3n"
867,"San Marino",SMR,Final Demand,"Government final consumption P.3g"
868,"San Marino",SMR,Final Demand,"Gross fixed capital formation P.51"
869,"San Marino",SMR,Final Demand,"Changes in inventories P.52"
870,"San Marino",SMR,Final Demand,"Acquisitions less disposals of valuables P.53"
871,"Sao Tome and Principe",STP,Final Demand,"Household final consumption P.3h"
872,"Sao Tome and Principe",STP,Final Demand,"Non-profit institutions serving households P.3n"
873,"Sao Tome and Principe",STP,Final Demand,"Government final consumption P.3g"
874,"Sao Tome and Principe",STP,Final Demand,"Gross fixed capital formation P.51"
875,"Sao Tome and Principe",STP,Final Demand,"Changes in inventories P.52"
876,"Sao Tome and Principe",STP,Final Demand,"Acquisitions less disposals of valuables P.53"
877,"Saudi Arabia",SAU,Final Demand,"Household final consumption P.3h"
878,"Saudi Arabia",SAU,Final Demand,"Non-profit institutions serving households P.3n"
879,"Saudi Arabia",SAU,Final Demand,"Government final consumption P.3g"
880,"Saudi Arabia",SAU,Final Demand,"Gross fixed capital formation P.51"
881,"Saudi Arabia",SAU,Final Demand,"Changes in inventories P.52"
882,"Saudi Arabia",SAU,Final Demand,"Acquisitions less disposals of valuables P.53"
883,"Senegal",SEN,Final Demand,"Household final consumption P.3h"
884,"Senegal",SEN,Final Demand,"Non-profit institutions serving households P.3n"
885,"Senegal",SEN,Final Demand,"Government final consumption P.3g"
886,"Senegal",SEN,Final Demand,"Gross fixed capital formation P.51"
887,"Senegal",SEN,Final Demand,"Changes in inventories P.52"
888,"Senegal",SEN,Final Demand,"Acquisitions less disposals of valuables P.53"
889,"Serbia",SRB,Final Demand,"Household final consumption P.3h"
890,"Serbia",SRB,Final Demand,"Non-profit institutions serving households P.3n"
891,"Serbia",SRB,Final Demand,"Government final consumption P.3g"
892,"Serbia",SRB,Final Demand,"Gross fixed capital formation P.51"
893,"Serbia",SRB,Final Demand,"Changes in inventories P.52"
894,"Serbia",SRB,Final Demand,"Acquisitions less disposals of valuables P.53"
895,"Seychelles",SYC,Final Demand,"Household final consumption P.3h"
896,"Seychelles",SYC,Final Demand,"Non-profit institutions serving households P.3n"
897,"Seychelles",SYC,Final Demand,"Government final consumption P.3g"
898,"Seychelles",SYC,Final Demand,"Gross fixed capital formation P.51"
899,"Seychelles",SYC,Final Demand,"Changes in inventories P.52"
900,"Seychelles",SYC,Final Demand,"Acquisitions less disposals of valuables P.53"
901,"Sierra Leone",SLE,Final Demand,"Household final consumption P.3h"
902,"Sierra Leone",SLE,Final Demand,"Non-profit institutions serving households P.3n"
903,"Sierra Leone",SLE,Final Demand,"Government final consumption P.3g"
904,"Sierra Leone",SLE,Final Demand,"Gross fixed capital formation P.51"
905,"Sierra Leone",SLE,Final Demand,"Changes in inventories P.52"
906,"Sierra Leone",SLE,Final Demand,"Acquisitions less disposals of valuables P.53"
907,"Singapore",SGP,Final Demand,"Household final consumption P.3h"
908,"Singapore",SGP,Final Demand,"Non-profit institutions serving households P.3n"
909,"Singapore",SGP,Final Demand,"Government final consumption P.3g"
910,"Singapore",SGP,Final Demand,"Gross fixed capital formation P.51"
911,"Singapore",SGP,Final Demand,"Changes in inventories P.52"
912,"Singapore",SGP,Final Demand,"Acquisitions less disposals of valuables P.53"
913,"Slovakia",SVK,Final Demand,"Household final consumption P.3h"
914,"Slovakia",SVK,Final Demand,"Non-profit institutions serving households P.3n"
915,"Slovakia",SVK,Final Demand,"Government final consumption P.3g"
916,"Slovakia",SVK,Final Demand,"Gross fixed capital formation P.51"
917,"Slovakia",SVK,Final Demand,"Changes in inventories P.52"
918,"Slovakia",SVK,Final Demand,"Acquisitions less disposals of valuables P.53"
919,"Slovenia",SVN,Final Demand,"Household final consumption P.3h"
920,"Slovenia",SVN,Final Demand,"Non-profit institutions serving households P.3n"
921,"Slovenia",SVN,Final Demand,"Government final consumption P.3g"
922,"Slovenia",SVN,Final Demand,"Gross fixed capital formation P.51"
923,"Slovenia",SVN,Final Demand,"Changes in inventories P.52"
924,"Slovenia",SVN,Final Demand,"Acquisitions less disposals of valuables P.53"
925,"Somalia",SOM,Final Demand,"Household final consumption P.3h"
926,"Somalia",SOM,Final Demand,"Non-profit institutions serving households P.3n"
927,"Somalia",SOM,Final Demand,"Government final consumption P.3g"
928,"Somalia",SOM,Final Demand,"Gross fixed capital formation P.51"
929,"Somalia",SOM,Final Demand,"Changes in inventories P.52"
930,"Somalia",SOM,Final Demand,"Acquisitions less disposals of valuables P.53"
931,"South Africa",ZAF,Final Demand,"Household final consumption P.3h"
932,"South Africa",ZAF,Final Demand,"Non-profit institutions serving households P.3n"
933,"South Africa",ZAF,Final Demand,"Government final consumption P.3g"
934,"South Africa",ZAF,Final Demand,"Gross fixed capital formation P.51"
935,"South Africa",ZAF,Final Demand,"Changes in inventories P.52"
936,"South Africa",ZAF,Final Demand,"Acquisitions less disposals of valuables P.53"
937,"South Sudan",SDS,Final Demand,"Household final consumption P.3h"
938,"South Sudan",SDS,Final Demand,"Non-profit institutions serving households P.3n"
939,"South Sudan",SDS,Final Demand,"Government final consumption P.3g"
940,"South Sudan",SDS,Final Demand,"Gross fixed capital formation P.51"
941,"South Sudan",SDS,Final Demand,"Changes in inventories P.52"
942,"South Sudan",SDS,Final Demand,"Acquisitions less disposals of valuables P.53"
943,"Spain",ESP,Final Demand,"Household final consumption P.3h"
944,"Spain",ESP,Final Demand,"Non-profit institutions serving households P.3n"
945,"Spain",ESP,Final Demand,"Government final consumption P.3g"
946,"Spain",ESP,Final Demand,"Gross fixed capital formation P.51"
947,"Spain",ESP,Final Demand,"Changes in inventories P.52"
948,"Spain",ESP,Final Demand,"Acquisitions less disposals of valuables P.53"
949,"Sri Lanka",LKA,Final Demand,"Household final consumption P.3h"
950,"Sri Lanka",LKA,Final Demand,"Non-profit institutions serving households P.3n"
951,"Sri Lanka",LKA,Final Demand,"Government final consumption P.3g"
952,"Sri Lanka",LKA,Final Demand,"Gross fixed capital formation P.51"
953,"Sri Lanka",LKA,Final Demand,"Changes in inventories P.52"
954,"Sri Lanka",LKA,Final Demand,"Acquisitions less disposals of valuables P.53"
955,"Sudan",SUD,Final Demand,"Household final consumption P.3h"
956,"Sudan",SUD,Final Demand,"Non-profit institutions serving households P.3n"
957,"Sudan",SUD,Final Demand,"Government final consumption P.3g"
958,"Sudan",SUD,Final Demand,"Gross fixed capital formation P.51"
959,"Sudan",SUD,Final Demand,"Changes in inventories P.52"
960,"Sudan",SUD,Final Demand,"Acquisitions less disposals of valuables P.53"
961,"Suriname",SUR,Final Demand,"Household final consumption P.3h"
962,"Suriname",SUR,Final Demand,"Non-profit institutions serving households P.3n"
963,"Suriname",SUR,Final Demand,"Government final consumption P.3g"
964,"Suriname",SUR,Final Demand,"Gross fixed capital formation P.51"
965,"Suriname",SUR,Final Demand,"Changes in inventories P.52"
966,"Suriname",SUR,Final Demand,"Acquisitions less disposals of valuables P.53"
967,"Swaziland",SWZ,Final Demand,"Household final consumption P.3h"
968,"Swaziland",SWZ,Final Demand,"Non-profit institutions serving households P.3n"
969,"Swaziland",SWZ,Final Demand,"Government final consumption P.3g"
970,"Swaziland",SWZ,Final Demand,"Gross fixed capital formation P.51"
971,"Swaziland",SWZ,Final Demand,"Changes in inventories P.52"
972,"Swaziland",SWZ,Final Demand,"Acquisitions less disposals of valuables P.53"
973,"Sweden",SWE,Final Demand,"Household final consumption P.3h"
974,"Sweden",SWE,Final Demand,"Non-profit institutions serving households P.3n"
975,"Sweden",SWE,Final Demand,"Government final consumption P.3g"
976,"Sweden",SWE,Final Demand,"Gross fixed capital formation P.51"
977,"Sweden",SWE,Final Demand,"Changes in inventories P.52"
978,"Sweden",SWE,Final Demand,"Acquisitions less disposals of valuables P.53"
979,"Switzerland",CHE,Final Demand,"Household final consumption P.3h"
980,"Switzerland",CHE,Final Demand,"Non-profit institutions serving households P.3n"
981,"Switzerland",CHE,Final Demand,"Government final consumption P.3g"
982,"Switzerland",CHE,Final Demand,"Gross fixed capital formation P.51"
983,"Switzerland",CHE,Final Demand,"Changes in inventories P.52"
984,"Switzerland",CHE,Final Demand,"Acquisitions less disposals of valuables P.53"
985,"Syria",SYR,Final Demand,"Household final consumption P.3h"
986,"Syria",SYR,Final Demand,"Non-profit institutions serving households P.3n"
987,"Syria",SYR,Final Demand,"Government final consumption P.3g"
988,"Syria",SYR,Final Demand,"Gross fixed capital formation P.51"
989,"Syria",SYR,Final Demand,"Changes in inventories P.52"
990,"Syria",SYR,Final Demand,"Acquisitions less disposals of valuables P.53"
991,"Taiwan",TWN,Final Demand,"Household final consumption P.3h"
992,"Taiwan",TWN,Final Demand,"Non-profit institutions serving households P.3n"
993,"Taiwan",TWN,Final Demand,"Government final consumption P.3g"
994,"Taiwan",TWN,Final Demand,"Gross fixed capital formation P.51"
995,"Taiwan",TWN,Final Demand,"Changes in inventories P.52"
996,"Taiwan",TWN,Final Demand,"Acquisitions less disposals of valuables P.53"
997,"Tajikistan",TJK,Final Demand,"Household final consumption P.3h"
998,"Tajikistan",TJK,Final Demand,"Non-profit institutions serving households P.3n"
999,"Tajikistan",TJK,Final Demand,"Government final consumption P.3g"
1000,"Tajikistan",TJK,Final Demand,"Gross fixed capital formation P.51"
1001,"Tajikistan",TJK,Final Demand,"Changes in inventories P.52"
1002,"Tajikistan",TJK,Final Demand,"Acquisitions less disposals of valuables P.53"
1003,"Thailand",THA,Final Demand,"Household final consumption P.3h"
1004,"Thailand",THA,Final Demand,"Non-profit institutions serving households P.3n"
1005,"Thailand",THA,Final Demand,"Government final consumption P.3g"
1006,"Thailand",THA,Final Demand,"Gross fixed capital formation P.51"
1007,"Thailand",THA,Final Demand,"Changes in inventories P.52"
1008,"Thailand",THA,Final Demand,"Acquisitions less disposals of valuables P.53"
1009,"TFYR Macedonia",MKD,Final Demand,"Household final consumption P.3h"
1010,"TFYR Macedonia",MKD,Final Demand,"Non-profit institutions serving households P.3n"
1011,"TFYR Macedonia",MKD,Final Demand,"Government final consumption P.3g"
1012,"TFYR Macedonia",MKD,Final Demand,"Gross fixed capital formation P.51"
1013,"TFYR Macedonia",MKD,Final Demand,"Changes in inventories P.52"
1014,"TFYR Macedonia",MKD,Final Demand,"Acquisitions less disposals of valuables P.53"
1015,"Togo",TGO,Final Demand,"Household final consumption P.3h"
1016,"Togo",TGO,Final Demand,"Non-profit institutions serving households P.3n"
1017,"Togo",TGO,Final Demand,"Government final consumption P.3g"
1018,"Togo",TGO,Final Demand,"Gross fixed capital formation P.51"
1019,"Togo",TGO,Final Demand,"Changes in inventories P.52"
1020,"Togo",TGO,Final Demand,"Acquisitions less disposals of valuables P.53"
1021,"Trinidad and Tobago",TTO,Final Demand,"Household final consumption P.3h"
1022,"Trinidad and Tobago",TTO,Final Demand,"Non-profit institutions serving households P.3n"
1023,"Trinidad and Tobago",TTO,Final Demand,"Government final consumption P.3g"
1024,"Trinidad and Tobago",TTO,Final Demand,"Gross fixed capital formation P.51"
1025,"Trinidad and Tobago",TTO,Final Demand,"Changes in inventories P.52"
1026,"Trinidad and Tobago",TTO,Final Demand,"Acquisitions less disposals of valuables P.53"
1027,"Tunisia",TUN,Final Demand,"Household final consumption P.3h"
1028,"Tunisia",TUN,Final Demand,"Non-profit institutions serving households P.3n"
1029,"Tunisia",TUN,Final Demand,"Government final consumption P.3g"
1030,"Tunisia",TUN,Final Demand,"Gross fixed capital formation P.51"
1031,"Tunisia",TUN,Final Demand,"Changes in inventories P.52"
1032,"Tunisia",TUN,Final Demand,"Acquisitions less disposals of valuables P.53"
1033,"Turkey",TUR,Final Demand,"Household final consumption P.3h"
1034,"Turkey",TUR,Final Demand,"Non-profit institutions serving households P.3n"
1035,"Turkey",TUR,Final Demand,"Government final consumption P.3g"
1036,"Turkey",TUR,Final Demand,"Gross fixed capital formation P.51"
1037,"Turkey",TUR,Final Demand,"Changes in inventories P.52"
1038,"Turkey",TUR,Final Demand,"Acquisitions less disposals of valuables P.53"
1039,"Turkmenistan",TKM,Final Demand,"Household final consumption P.3h"
1040,"Turkmenistan",TKM,Final Demand,"Non-profit institutions serving households P.3n"
1041,"Turkmenistan",TKM,Final Demand,"Government final consumption P.3g"
1042,"Turkmenistan",TKM,Final Demand,"Gross fixed capital formation P.51"
1043,"Turkmenistan",TKM,Final Demand,"Changes in inventories P.52"
1044,"Turkmenistan",TKM,Final Demand,"Acquisitions less disposals of valuables P.53"
1045,"Former USSR",USR,Final Demand,"Household final consumption P.3h"
1046,"Former USSR",USR,Final Demand,"Non-profit institutions serving households P.3n"
1047,"Former USSR",USR,Final Demand,"Government final consumption P.3g"
1048,"Former USSR",USR,Final Demand,"Gross fixed capital formation P.51"
1049,"Former USSR",USR,Final Demand,"Changes in inventories P.52"
1050,"Former USSR",USR,Final Demand,"Acquisitions less disposals of valuables P.53"
1051,"Uganda",UGA,Final Demand,"Household final consumption P.3h"
1052,"Uganda",UGA,Final Demand,"Non-profit institutions serving households P.3n"
1053,"Uganda",UGA,Final Demand,"Government final consumption P.3g"
1054,"Uganda",UGA,Final Demand,"Gross fixed capital formation P.51"
1055,"Uganda",UGA,Final Demand,"Changes in inventories P.52"
1056,"Uganda",UGA,Final Demand,"Acquisitions less disposals of valuables P.53"
1057,"Ukraine",UKR,Final Demand,"Household final consumption P.3h"
1058,"Ukraine",UKR,Final Demand,"Non-profit institutions serving households P.3n"
1059,"Ukraine",UKR,Final Demand,"Government final consumption P.3g"
1060,"Ukraine",UKR,Final Demand,"Gross fixed capital formation P.51"
1061,"Ukraine",UKR,Final Demand,"Changes in inventories P.52"
1062,"Ukraine",UKR,Final Demand,"Acquisitions less disposals of valuables P.53"
1063,"UAE",ARE,Final Demand,"Household final consumption P.3h"
1064,"UAE",ARE,Final Demand,"Non-profit institutions serving households P.3n"
1065,"UAE",ARE,Final Demand,"Government final consumption P.3g"
1066,"UAE",ARE,Final Demand,"Gross fixed capital formation P.51"
1067,"UAE",ARE,Final Demand,"Changes in inventories P.52"
1068,"UAE",ARE,Final Demand,"Acquisitions less disposals of valuables P.53"
1069,"UK",GBR,Final Demand,"Household final consumption P.3h"
1070,"UK",GBR,Final Demand,"Non-profit institutions serving households P.3n"
1071,"UK",GBR,Final Demand,"Government final consumption P.3g"
1072,"UK",GBR,Final Demand,"Gross fixed capital formation P.51"
1073,"UK",GBR,Final Demand,"Changes in inventories P.52"
1074,"UK",GBR,Final Demand,"Acquisitions less disposals of valuables P.53"
1075,"Tanzania",TZA,Final Demand,"Household final consumption P.3h"
1076,"Tanzania",TZA,Final Demand,"Non-profit institutions serving households P.3n"
1077,"Tanzania",TZA,Final Demand,"Government final consumption P.3g"
1078,"Tanzania",TZA,Final Demand,"Gross fixed capital formation P.51"
1079,"Tanzania",TZA,Final Demand,"Changes in inventories P.52"
1080,"Tanzania",TZA,Final Demand,"Acquisitions less disposals of valuables P.53"
1081,"USA",USA,Final Demand,"Household final consumption P.3h"
1082,"USA",USA,Final Demand,"Non-profit institutions serving households P.3n"
1083,"USA",USA,Final Demand,"Government final consumption P.3g"
1084,"USA",USA,Final Demand,"Gross fixed capital formation P.51"
1085,"USA",USA,Final Demand,"Changes in inventories P.52"
1086,"USA",USA,Final Demand,"Acquisitions less disposals of valuables P.53"
1087,"Uruguay",URY,Final Demand,"Household final consumption P.3h"
1088,"Uruguay",URY,Final Demand,"Non-profit institutions serving households P.3n"
1089,"Uruguay",URY,Final Demand,"Government final consumption P.3g"
1090,"Uruguay",URY,Final Demand,"Gross fixed capital formation P.51"
1091,"Uruguay",URY,Final Demand,"Changes in inventories P.52"
1092,"Uruguay",URY,Final Demand,"Acquisitions less disposals of valuables P.53"
1093,"Uzbekistan",UZB,Final Demand,"Household final consumption P.3h"
1094,"Uzbekistan",UZB,Final Demand,"Non-profit institutions serving households P.3n"
1095,"Uzbekistan",UZB,Final Demand,"Government final consumption P.3g"
1096,"Uzbekistan",UZB,Final Demand,"Gross fixed capital formation P.51"
1097,"Uzbekistan",UZB,Final Demand,"Changes in inventories P.52"
1098,"Uzbekistan",UZB,Final Demand,"Acquisitions less disposals of valuables P.53"
1099,"Vanuatu",VUT,Final Demand,"Household final consumption P.3h"
1100,"Vanuatu",VUT,Final Demand,"Non-profit institutions serving households P.3n"
1101,"Vanuatu",VUT,Final Demand,"Government final consumption P.3g"
1102,"Vanuatu",VUT,Final Demand,"Gross fixed capital formation P.51"
1103,"Vanuatu",VUT,Final Demand,"Changes in inventories P.52"
1104,"Vanuatu",VUT,Final Demand,"Acquisitions less disposals of valuables P.53"
1105,"Venezuela",VEN,Final Demand,"Household final consumption P.3h"
1106,"Venezuela",VEN,Final Demand,"Non-profit institutions serving households P.3n"
1107,"Venezuela",VEN,Final Demand,"Government final consumption P.3g"
1108,"Venezuela",VEN,Final Demand,"Gross fixed capital formation P.51"
1109,"Venezuela",VEN,Final Demand,"Changes in inventories P.52"
1110,"Venezuela",VEN,Final Demand,"Acquisitions less disposals of valuables P.53"
1111,"Viet Nam",VNM,Final Demand,"Household final consumption P.3h"
1112,"Viet Nam",VNM,Final Demand,"Non-profit institutions serving households P.3n"
1113,"Viet Nam",VNM,Final Demand,"Government final consumption P.3g"
1114,"Viet Nam",VNM,Final Demand,"Gross fixed capital formation P.51"
1115,"Viet Nam",VNM,Final Demand,"Changes in inventories P.52"
1116,"Viet Nam",VNM,Final Demand,"Acquisitions less disposals of valuables P.53"
1117,"Yemen",YEM,Final Demand,"Household final consumption P.3h"
1118,"Yemen",YEM,Final Demand,"Non-profit institutions serving households P.3n"
1119,"Yemen",YEM,Final Demand,"Government final consumption P.3g"
1120,"Yemen",YEM,Final Demand,"Gross fixed capital formation P.51"
1121,"Yemen",YEM,Final Demand,"Changes in inventories P.52"
1122,"Yemen",YEM,Final Demand,"Acquisitions less disposals of valuables P.53"
1123,"Zambia",ZMB,Final Demand,"Household final consumption P.3h"
1124,"Zambia",ZMB,Final Demand,"Non-profit institutions serving households P.3n"
1125,"Zambia",ZMB,Final Demand,"Government final consumption P.3g"
1126,"Zambia",ZMB,Final Demand,"Gross fixed capital formation P.51"
1127,"Zambia",ZMB,Final Demand,"Changes in inventories P.52"
1128,"Zambia",ZMB,Final Demand,"Acquisitions less disposals of valuables P.53"
1129,"Zimbabwe",ZWE,Final Demand,"Household final consumption P.3h"
1130,"Zimbabwe",ZWE,Final Demand,"Non-profit institutions serving households P.3n"
1131,"Zimbabwe",ZWE,Final Demand,"Government final consumption P.3g"
1132,"Zimbabwe",ZWE,Final Demand,"Gross fixed capital formation P.51"
1133,"Zimbabwe",ZWE,Final Demand,"Changes in inventories P.52"
1134,"Zimbabwe",ZWE,Final Demand,"Acquisitions less disposals of valuables P.53"
1135,"Statistical Discrepancies",ROW,Final Demand,"Household final consumption P.3h"
1136,"Statistical Discrepancies",ROW,Final Demand,"Non-profit institutions serving households P.3n"
1137,"Statistical Discrepancies",ROW,Final Demand,"Government final consumption P.3g"
1138,"Statistical Discrepancies",ROW,Final Demand,"Gross fixed capital formation P.51"
1139,"Statistical Discrepancies",ROW,Final Demand,"Changes in inventories P.52"
1140,"Statistical Discrepancies",ROW,Final Demand,"Acquisitions less disposals of valuables P.53"
